Angle	Amplitude
0	0
1	0.258819045
2	0.5
3	0.707106781
4	0.866025404
5	0.965925826
6	1
7	0.965925826
8	0.866025404
9	0.707106781
10	0.5
11	0.258819045
12	0
13	-0.258819045
14	-0.5
15	-0.707106781
16	-0.866025404
17	-0.965925826
18	-1
19	-0.965925826
20	-0.866025404
21	-0.707106781
22	-0.5
23	-0.258819045
24	0